train,H1,H2,H3,H5,H6,,std dev,
H1,86%,46%,82%,89%,72%,75%,0.175316095,21%
H2,86%,77%,78%,89%,28%,72%,0.247319536,
H3,85%,65%,87%,89%,28%,71%,0.255838549,
H5,85%,68%,81%,89%,28%,70%,0.246730251,
H6,85%,74%,83%,88%,56%,77%,0.127483203,
,,,,,,,,
,85%,66%,82%,89%,43%,73%,,
,0.005701579,0.122194693,0.03167709,0.005004298,0.20278351,7%,,
,,,,,,,,